,keys,values
64,ill,32927
143,ton,30846
19,ion,10247
207,man,10206
190,land,10179
0,son,9860
90,tin,9724
81,tor,6919
12,res,6326
223,ran,6300
43,ate,6271
18,ted,5219
266,tan,4494
17,den,4255
136,one,4223
49,dis,4143
9,fire,4007
120,news,3959
451,ans,3864
305,err,3836
13,ire,3629
218,ell,3586
79,min,3455
72,ere,3367
121,kin,3295
7,ore,3209
166,men,3082
1,art,3054
10,est,3019
97,day,2982
159,era,2649
202,ant,2570
177,ind,2561
106,age,2531
693,bomb,2505
54,ash,2415
50,din,2153
92,amp,2019
810,storm,2010
321,mil,1991
208,hen,1959
353,lie,1824
14,fir,1823
396,cal,1730
71,enc,1686
304,lit,1652
373,mes,1496
219,red,1451
340,ass,1427
258,ins,1416
55,use,1385
1560,mas,1377
139,urn,1325
127,per,1319
107,car,1319
75,erg,1311
95,ting,1289
212,port,1287
293,gin,1272
124,king,1259
70,gen,1245
288,pol,1219
676,win,1215
245,way,1209
88,ave,1203
381,col,1194
59,loo,1182
153,ail,1175
885,ism,1168
178,eve,1165
217,war,1159
102,mar,1147
6,ear,1143
16,ice,1111
433,chi,1110
58,ding,1034
145,tie,1028
115,ole,1019
103,arr,1019
87,eat,1007
82,com,999
48,ado,979
51,rain,979
378,ugh,979
122,new,959
132,ten,953
325,bin,935
113,ham,934
83,hat,926
52,nit,919
565,wit,868
940,pan,864
209,ens,828
20,side,824
173,mat,805
307,via,779
56,ring,776
606,tic,776
167,ling,755
128,town,755
493,tar,741
838,sea,728
157,rat,719
262,gar,704
104,ago,698
40,fro,670
32,sen,659
2,org,649
131,end,642
257,ester,635
298,air,609
371,ford,600
33,int,595
287,kill,595
109,mag,593
755,mic,580
141,burn,571
180,hes,564
23,ace,562
247,con,551
1628,rail,549
176,low,544
2348,mass,540
144,field,539
597,pro,532
267,alt,527
11,rest,515
562,phi,504
236,tat,474
99,rid,471
482,cat,468
53,rad,467
954,rag,465
74,app,463
117,ale,454
308,error,429
1239,bridge,427
255,lay,420
1288,buildings,419
338,inc,419
840,arc,406
5,qua,404
430,dam,404
238,bee,399
200,owe,395
738,terror,394
110,bus,394
61,aster,393
486,act,393
283,hey,390
25,rec,385
28,people,383
374,time,378
123,set,377
452,sin,372
1134,lam,372
429,til,372
827,pin,364
1169,sit,360
65,wood,356
886,terrorism,352
322,gov,349
73,pen,349
742,ego,342
142,bur,337
2305,sun,336
35,hot,335
285,police,327
673,rel,324
671,sing,324
494,net,323
348,ones,323
1298,burning,321
248,med,320
967,city,319
377,tho,318
31,fires,317
380,shed,316
355,run,314
201,accident,309
133,ridge,307
67,see,304
665,line,304
85,die,303
3209,jack,303
169,lat,301
891,tag,300
668,rant,297
569,fat,297
62,flood,296
587,say,295
1254,mad,294
42,ions,291
63,disaster,285
165,ram,284
856,hon,280
1987,damage,279
375,let,279
675,par,276
213,lea,275
1287,rescue,275
345,ban,274
991,burg,272
260,back,272
1241,lap,272
629,ken,269
556,hail,263
1981,wind,261
299,plan,260
998,ever,260
30,wild,259
196,lands,259
601,ink,256
111,crash,255
1341,inn,252
1102,forest,251
108,mage,251
152,year,249
501,hem,249
306,mos,248
864,live,244
1745,lid,244
757,tom,243
206,lane,237
1376,non,234
1034,emo,232
3,quake,230
191,west,230
397,sis,229
1026,big,228
235,state,227
2465,drought,225
272,today,224
181,thin,224
164,van,223
736,terr,221
478,break,219
125,lag,219
1374,row,216
724,rem,216
730,vie,215
84,wave,211
717,tine,211
297,uni,209
798,lee,208
78,emergency,207
289,led,201
66,top,199
681,rep,198
37,sch,197
483,like,196
2145,anti,196
436,world,194
344,gal,191
516,boy,190
1079,gas,190
2515,sink,189
268,lot,187
1405,cot,187
57,tree,187
690,nuclear,187
26,vac,186
1083,real,185
814,long,185
892,stage,184
1870,star,184
137,sand,183
1570,water,183
485,wan,180
589,arson,180
372,times,180
576,pic,180
593,life,180
1973,station,179
2433,refugees,179
270,dead,177
961,ref,176
358,aft,176
210,lab,175
731,less,174
386,house,174
997,gee,173
1941,suicide,171
349,bat,171
476,lip,170
172,mate,168
957,rage,167
521,leg,165
760,tali,165
241,list,164
294,plane,164
1395,wall,164
1186,hurricane,163
575,build,161
902,eland,161
992,light,160
542,gel,160
296,airplane,160
662,lines,159
263,ctr,159
887,sir,159
363,val,159
303,deb,159
1118,cos,156
865,pres,156
1029,may,156
514,tack,155
960,building,155
2207,derail,152
1245,rent,152
907,aka,152
445,train,150
1488,bra,150
549,arm,148
1175,fer,148
324,ember,148
2860,oil,148
148,rig,147
861,ages,146
4,eds,146
278,even,146
694,east,144
889,video,144
2908,fatal,143
93,ode,143
333,hit,142
552,sue,142
1151,wounded,141
392,esp,141
471,would,140
403,pit,139
182,cor,139
1198,miss,138
470,weather,138
237,stat,137
1017,well,136
163,lice,134
1166,weapon,134
620,odd,133
15,near,133
86,heat,133
326,shit,133
866,char,132
688,till,132
588,sol,132
135,bad,131
319,cut,131
1830,cue,131
140,lone,131
1251,shire,130
572,lion,130
1047,fed,129
162,lac,128
1340,bar,128
350,eel,127
1244,lapse,127
94,aha,127
747,ward,126
171,ices,125
80,aid,125
874,make,125
943,clear,124
174,onto,123
2131,floods,123
654,old,122
625,attack,121
858,could,120
2327,jam,120
1194,bombing,120
1164,flame,120
44,bot,119
422,rap,116
1240,collapse,115
249,yon,114
1431,ems,114
631,fail,113
908,mod,112
1066,rough,112
894,work,111
284,exp,110
424,sky,110
39,got,110
428,fight,109
2749,evacuate,109
646,troy,108
2074,food,108
559,rob,108
636,aye,108
582,try,108
580,pea,108
766,gun,108
246,hand,107
2371,vast,106
1087,report,106
682,care,105
1647,rand,105
1707,emerge,104
532,look,104
2385,devastation,104
362,ally,103
2045,grant,103
890,view,102
1806,collide,102
2395,murder,102
882,sec,102
686,wing,102
2057,deaths,100
1674,failure,100
220,ores,99
204,lock,99
409,two,99
700,dies,99
743,reg,99
1906,dale,98
193,mid,98
467,ought,97
993,ante,96
465,last,96
750,yin,96
2349,detonate,96
696,mus,96
203,fore,95
101,count,95
845,arch,95
356,craft,95
339,camp,94
280,wee,94
3247,hostages,94
130,get,94
399,call,94
2921,fatalities,94
126,akin,93
713,tea,93
187,thing,93
214,vol,93
666,head,93
2250,survivors,92
2886,famine,92
709,post,92
2264,sum,92
335,elan,92
976,fee,92
211,turn,92
634,aria,91
158,nah,90
1140,first,90
1069,bag,90
3648,razed,90
2330,mail,90
1133,slam,90
1160,ratio,90
1156,lies,89
154,yea,89
367,high,89
343,killed,88
240,orc,88
1028,main,88
1493,demon,88
1049,bod,88
1441,death,87
568,host,87
129,dos,87
34,ska,87
1000,tragedy,87
695,mosque,86
192,mark,86
3852,bomber,86
1548,volcano,86
151,ship,85
3333,sinkhole,85
2380,typhoon,85
790,play,85
3157,mud,84
273,eta,84
1255,natural,84
161,tel,84
799,spa,83
1382,hazard,83
47,date,83
147,shot,83
295,pert,82
1718,pill,81
647,home,81
867,press,81
1019,blood,80
434,know,80
3217,hijacker,80
406,cop,80
841,hoe,80
1018,wed,80
394,cause,79
393,bout,79
384,bro,79
197,ark,78
1313,fan,78
945,gland,78
1500,flames,78
3124,hailstorm,78
2426,fug,78
194,hole,77
301,union,77
41,wildfire,77
3239,hostage,77
425,hell,76
628,inst,75
2161,migrants,75
1591,casual,75
1955,cyclone,75
60,area,75
763,inf,75
275,erst,75
922,yer,75
818,bio,75
3585,outbreak,74
598,rim,74
1349,best,74
1417,place,74
1195,wreck,74
253,ears,74
454,story,74
764,info,74
1415,lace,74
677,ares,74
1338,lite,74
312,debris,73
439,late,73
1483,rock,72
119,blaze,72
590,shin,72
475,night,72
1339,nation,72
685,warn,71
3211,hijack,71
1730,spill,71
1256,made,70
701,hear,70
3397,weapons,70
946,talk,70
715,pal,69
231,fin,69
538,test,69
782,ope,69
134,bet,69
226,rang,69
550,aged,68
21,office,68
1469,foo,68
1435,hop,68
323,pain,68
1888,lays,68
8,ask,68
1484,lightning,68
342,official,67
1573,ache,67
114,ablaze,67
1152,wound,67
1058,watch,66
1277,follow,66
2246,derailment,66
703,ants,66
716,rip,66
1597,pine,66
400,come,65
45,due,65
481,case,65
1509,tech,64
2032,thunder,64
768,injured,64
2296,cost,64
592,rot,64
438,many,64
1905,och,64
98,days,64
1657,sac,64
830,pat,64
507,love,64
1596,pines,63
3618,quarantine,63
586,lent,63
1586,affected,63
842,opp,63
1085,anger,63
1845,rescued,63
783,mac,63
1040,strike,63
1321,threat,63
518,poo,62
1135,key,62
1223,demo,62
661,nut,62
234,ruck,62
1342,riot,62
146,put,62
1023,sure,62
254,nee,61
836,ops,61
500,pet,60
1747,slide,60
1247,rick,60
785,mine,60
868,hard,60
379,etc,59
346,bang,59
1754,vest,59
529,snow,59
2885,memories,59
292,rev,59
928,eye,59
554,saw,59
2788,evacuated,58
498,help,58
988,earth,58
24,evacuation,57
540,hip,57
1397,eon,57
1434,hope,57
571,fig,57
1071,point,57
265,lob,57
706,log,57
680,still,56
1708,chemical,56
1829,rains,56
2580,earthquake,55
635,girl,55
291,road,55
431,kills,55
286,dad,55
3248,stages,55
958,early,55
464,game,55
420,vice,55
1510,service,54
1449,laced,54
1450,placed,54
2370,devastated,54
1158,families,54
149,eff,53
282,riv,53
1715,collapsed,53
1163,lame,53
1046,rate,52
875,face,52
2496,drown,52
1048,mind,52
949,media,52
300,mini,52
276,hap,52
3862,terrorist,52
1181,ski,52
1368,explode,51
1677,lure,51
584,peace,51
805,cur,51
458,human,50
2223,railed,50
368,cont,50
536,read,50
692,least,50
1377,law,50
793,truck,50
150,fie,49
77,happen,49
904,health,49
561,cap,49
354,raft,49
520,child,49
4192,wreckage,49
1590,casualties,48
1714,dust,48
944,vent,48
819,sat,48
2315,rah,48
1479,fun,48
4158,windstorm,48
2220,derailed,48
1161,survivor,48
1385,free,48
1131,change,48
847,tee,48
1618,pass,48
91,flooding,48
2428,displace,47
2434,refugee,47
789,deal,47
605,tab,47
809,young,47
1302,siren,47
2452,hundreds,47
815,sport,47
640,ray,47
36,photo,47
1299,scream,46
1815,collided,46
271,tow,46
1051,body,46
722,chin,46
1184,oat,46
184,cord,45
3028,trench,45
3647,raze,45
1781,coach,45
566,army,45
857,obi,45
491,rte,45
737,next,45
2162,migrant,45
1130,bed,45
652,rush,45
230,round,45
1921,tors,45
2435,horror,44
721,ball,44
2427,displaced,44
1688,injury,44
699,used,44
1021,allow,44
697,slim,44
405,lance,44
761,tell,44
388,shooting,44
3465,sunk,44
999,every,43
411,wide,43
2583,seismic,43
252,div,43
1865,collision,43
2445,rants,43
808,destroy,43
579,violent,43
3832,structural,43
1895,crashed,42
1719,pond,42
1128,name,42
977,wait,42
2507,grants,42
3695,rioting,42
916,think,42
2663,summer,42
510,mans,42
1189,power,42
1761,crisis,41
3438,massacre,41
366,alley,41
655,loud,41
720,force,41
748,sim,41
462,hunt,41
937,want,40
853,search,40
1638,sou,40
1409,uses,40
624,rack,40
1848,icy,40
1775,mun,40
3672,bodies,40
1442,bell,40
407,ambulance,40
341,cam,39
499,tit,39
707,issue,39
1832,torn,39
2274,sound,39
232,room,38
3055,tornado,38
806,space,38
1266,homes,38
239,traffic,38
495,hang,38
913,women,38
412,fear,38
1690,cute,38
1733,cliff,38
360,rally,38
564,econ,38
1112,ways,38
563,mph,38
488,annihilation,37
3419,murderer,37
2726,tsunami,37
455,hist,37
2031,thunderstorm,37
302,beg,37
893,take,37
2324,security,37
251,years,37
603,link,37
860,elect,37
2732,gulf,37
1831,rescuers,36
1823,soon,36
1025,sty,36
459,came,36
725,kid,36
1412,explosion,36
1129,bombed,36
472,nigh,36
829,pot,36
2561,winds,36
1952,clone,36
780,nos,36
1959,lav,36
1346,black,36
513,elf,36
1609,zone,36
2399,true,35
920,network,35
2733,engulfed,35
1701,vet,35
416,bury,35
89,died,35
2026,wounds,35
224,pas,35
96,getting,35
1422,alarm,35
989,fall,35
336,rib,35
473,thou,35
480,god,35
2468,affect,35
2352,lake,35
955,earl,34
318,goo,34
2614,actor,34
1119,rise,34
310,found,34
281,week,34
1153,gust,34
596,organ,34
418,outs,34
626,ales,34
229,around,34
502,sign,34
758,wen,34
1720,respond,34
222,lose,34
1453,confirm,34
921,part,34
1207,site,34
1705,mica,33
3748,screams,33
749,cow,33
68,woo,33
2337,survive,33
22,expect,33
2451,reds,33
850,hold,33
1982,mum,33
1120,versa,33
553,gain,33
279,eek,33
803,lack,33
442,safe,33
1860,local,32
1052,panic,32
3906,awn,32
1886,pool,32
2875,eyewitness,32
317,good,32
351,done,32
1873,start,32
2103,lug,32
767,attacked,32
2164,pay,32
505,stand,32
2206,dun,32
1226,zen,32
2320,rub,32
915,omen,31
1267,missing,31
1104,carry,31
959,lei,31
3154,hazardous,31
490,destruction,31
3365,chat,30
1499,rut,30
3853,detonated,30
1640,sad,30
1695,nice,30
645,chem,30
1633,south,30
1220,business,30
423,haw,30
1033,show,30
2224,update,30
1096,atom,30
1318,north,30
1917,sons,30
1809,guy,30
2493,project,30
1473,park,30
3636,rainstorm,30
2878,capture,30
534,imp,30
533,looks,30
1988,hie,30
1629,insurance,29
3733,sandstorm,29
765,wars,29
1748,landslide,29
914,cent,29
1303,sirens,29
334,lad,29
185,meth,29
2887,crematoria,29
622,lest,28
548,mount,28
179,met,28
2184,roll,28
395,close,28
2152,deluged,28
496,sic,28
664,tonight,28
3032,mouth,28
1550,bush,28
1498,please,28
1379,soc,28
1965,dot,28
2608,electrocute,28
2666,shop,28
791,role,28
522,hour,28
2208,caused,28
27,order,27
1159,atomic,27
2328,rod,27
390,shoo,27
1911,book,27
2500,drowned,27
2671,sag,27
2874,witness,27
383,little,27
1015,allowed,27
1205,anniversary,27
1217,aim,27
779,rum,27
573,dog,27
577,pick,27
926,going,27
771,comp,27
746,team,27
1558,isl,27
1185,racy,27
1686,catastrophic,27
1650,bound,27
1900,person,26
3117,melt,26
2611,electrocuted,26
2376,chm,26
1671,self,26
1692,jury,26
1796,wash,26
1813,investigating,26
2029,release,26
1843,boat,26
1945,nag,26
1851,sick,26
2127,deluge,26
2105,charge,26
327,member,26
930,cool,26
951,apt,26
382,bit,26
389,shoot,26
759,fact,26
786,said,26
1284,react,25
2876,yew,25
419,right,25
1632,casualty,25
570,children,25
415,eared,25
1611,says,25
794,battle,25
2985,ponder,25
687,owing,25
1011,group,25
228,scene,25
456,history,25
160,lib,25
2720,sex,25
1836,injuries,24
1916,sour,24
3537,reactor,24
543,mountain,24
1425,pun,24
784,gram,24
1592,fighting,24
897,cover,24
2153,heavy,24
414,helicopter,24
901,seas,24
2907,laugh,24
1569,trauma,24
2091,signs,24
2454,hundred,24
2696,oms,24
3793,snowstorm,24
2545,flow,24
2036,military,24
1753,rose,24
797,support,24
1243,second,24
826,hog,24
2174,court,24
895,cove,24
3318,inundated,24
602,suspect,24
1289,searching,23
3621,quarantined,23
1143,jet,23
831,tent,23
702,blast,23
1114,bigger,23
1106,arks,23
828,ping,23
729,able,23
1108,crew,23
517,poor,23
2987,ponders,23
881,doe,23
2130,prov,23
1067,escape,23
1204,pilot,23
1301,cream,23
3577,released,23
727,yet,23
1903,roe,23
3232,hijacking,23
290,sly,23
632,plot,23
594,sting,23
337,four,23
3572,projected,23
1275,graph,22
1057,bbl,22
1259,witter,22
2175,demolish,22
503,need,22
1042,blow,22
2494,band,22
2198,demolition,22
2909,slaughter,22
2808,git,22
1319,morning,22
2292,desolate,22
1731,dry,21
2154,image,21
621,wish,21
2716,effect,21
2188,film,21
772,ilia,21
599,hate,21
816,trans,21
733,issues,21
1188,pow,21
3573,costlier,21
4116,whirlwind,21
608,victim,21
1183,yrs,21
457,aware,21
539,latest,21
359,family,21
402,ital,21
1478,bull,21
427,trap,21
1088,danger,20
1252,bean,20
466,thought,20
2485,daily,20
704,bun,20
807,ships,20
1227,cans,20
443,safety,20
1791,gate,20
468,fast,20
2077,born,20
1736,mom,20
347,lore,20
2108,cod,20
859,prob,20
962,fighter,20
1197,word,20
1630,move,20
1082,add,20
3463,meltdown,20
906,enter,20
670,rue,20
1407,ported,20
3480,mudslide,20
2626,survived,20
1383,green,20
508,form,20
1362,lean,20
1856,confirmed,20
1429,trick,20
2095,trapped,20
1426,hill,20
1580,crews,20
663,beat,20
1337,stern,20
1325,save,20
1849,cyclist,20
2261,amid,20
199,lower,20
1606,tomorrow,20
1460,fit,20
1627,far,20
413,feared,20
216,lvi,19
460,since,19
834,stop,19
1891,cast,19
2407,edit,19
100,lost,19
2299,desolation,19
674,eater,19
2421,jab,19
1367,chest,19
2651,services,19
2990,special,19
387,ashes,19
444,pull,19
244,travel,19
1662,millions,19
1820,invest,19
1623,mill,19
604,linked,19
2107,charged,19
938,another,19
1983,pee,18
417,rave,18
1496,amen,18
225,past,18
1931,piece,18
2459,social,18
1938,tube,18
446,drive,18
1622,million,18
1172,find,18
2382,declaration,18
1050,sold,18
2340,avid,18
4036,twister,18
511,term,18
2748,dish,18
788,avalanche,18
1242,cross,18
2604,sense,18
918,diff,18
2858,officer,18
441,annihilate,18
2277,poss,18
2464,fund,18
1599,male,18
905,abs,17
557,yes,17
1414,aces,17
787,dig,17
1685,earn,17
1103,small,17
2947,fatality,17
1725,void,17
1652,stein,17
469,stone,17
1371,rug,17
3684,picking,17
1347,lives,17
1193,wick,17
1320,eaten,17
205,center,17
1989,region,17
1424,half,17
112,school,17
221,dell,17
2522,drowning,17
2275,possible,17
627,gains,17
2281,warning,17
802,destroyed,17
1520,downtown,17
2575,fest,17
710,vat,17
2834,exploded,17
953,living,17
440,annihilated,17
1248,shes,17
1598,tens,17
497,step,16
669,tau,16
774,slims,16
2231,passenger,16
1072,fuck,16
781,rope,16
795,full,16
980,def,16
1554,freak,16
2033,blue,16
2253,mess,16
3383,eyes,16
2248,stead,16
1502,pleas,16
683,scare,16
474,though,16
1464,pace,16
1455,reported,16
1517,outrage,16
574,lead,16
1521,using,16
1445,arty,16
1943,rated,16
1529,open,16
450,river,16
1430,pens,16
947,event,16
734,movie,16
233,hank,16
1404,beau,16
175,burned,16
1391,meet,16
950,base,16
1357,music,16
817,transport,16
1127,lady,16
1147,forget,16
2554,whole,16
1726,avoid,16
1107,armed,16
1196,cry,16
832,sines,16
1142,ground,16
1694,needs,15
1749,fur,15
1457,sports,15
1390,tip,15
591,author,15
1084,really,15
1005,nothing,15
1438,remain,15
361,resident,15
1881,rite,15
1456,acres,15
3778,sinking,15
1913,boo,15
320,job,15
1771,closed,15
1416,mages,15
754,went,15
3319,nun,15
2013,level,15
558,cape,15
1951,damn,15
118,sale,15
712,reading,15
1229,nap,15
1759,continue,15
2044,size,15
1568,seem,15
264,global,15
1238,jay,15
1009,based,15
1370,fighters,15
2477,sued,15
753,called,15
3599,bola,15
2425,hunting,15
618,caught,15
2855,rocks,15
1928,crush,15
3484,nick,15
862,pack,14
1648,dict,14
1423,hilly,14
617,public,14
609,politics,14
1658,alb,14
2185,demolished,14
1101,mall,14
813,wake,14
2332,rule,14
2378,jar,14
581,country,14
2888,provoke,14
1148,never,14
855,phone,14
1105,marks,14
2802,table,14
410,cars,14
2291,walk,14
3728,rubble,14
1758,tax,14
756,mental,14
651,white,14
996,gene,14
1013,tweet,14
1056,everyone,14
2121,leave,14
3265,lava,14
1115,idea,14
531,science,14
1419,reports,14
1366,behind,14
929,coo,14
1687,medic,14
1100,cum,14
839,nix,14
619,pub,14
823,mishaps,13
188,something,13
1859,roadway,13
1191,worse,13
2158,tun,13
3306,coaches,13
1476,spark,13
1910,send,13
698,heart,13
1482,cold,13
1360,action,13
537,doc,13
684,govern,13
3994,recount,13
432,nine,13
821,longer,13
1819,threaten,13
923,major,13
2991,specially,13
1212,disc,13
678,government,13
863,liver,13
820,anthrax,13
1420,arts,13
2280,feel,13
1561,western,13
2813,issued,13
952,inside,13
331,lade,13
1283,tore,13
3553,obliterate,13
1594,theater,13
822,mishap,13
2501,psi,13
3059,lung,13
739,tries,13
519,apocalypse,13
679,prepare,13
777,target,13
1682,result,13
3301,seat,12
2111,covered,12
2209,flash,12
421,outside,12
352,mew,12
2700,baby,12
1393,smoke,12
3094,bud,12
2582,mania,12
2829,middle,12
1117,bath,12
1180,skin,12
2495,tam,12
2534,map,12
1639,hale,12
833,path,12
1171,doll,12
2778,mart,12
1940,tub,12
1402,beautiful,12
2344,tons,12
1061,away,12
1263,crane,12
3042,grow,12
1468,squad,12
315,exam,12
896,great,12
1889,hero,12
4096,gang,12
1004,blizzard,12
1210,month,12
1790,cola,12
1264,nearby,12
2232,passengers,12
3556,sell,12
2518,fly,12
2276,sounds,12
435,coming,12
2222,much,12
1549,lain,12
1216,claim,12
1784,course,12
1234,pore,12
1008,tweets,12
2361,detonation,12
2219,metro,12
3034,ends,12
2012,coma,12
2910,manslaughter,12
2615,talking,12
1668,catastrophe,12
2792,fans,12
1311,must,12
3586,burgh,12
2133,thy,12
509,sci,12
1330,things,12
2392,wrought,12
1723,ads,12
2148,upon,12
2142,content,12
846,sub,11
528,gins,11
1869,range,11
1555,island,11
2906,cafe,11
332,members,11
2268,accidents,11
1035,irk,11
1833,following,11
1543,harlot,11
1828,trains,11
316,begin,11
851,mitt,11
718,forces,11
1039,blown,11
1608,morrow,11
1154,others,11
357,belie,11
1716,incident,11
156,six,11
2416,cinema,11
76,street,11
986,remember,11
1979,across,11
138,alone,11
984,pile,11
2429,return,11
898,disease,11
983,keep,11
1991,hid,11
448,driver,11
1324,large,11
1706,unit,11
1322,morn,11
3064,tad,11
1974,dress,11
1785,learn,11
1309,cops,11
426,lord,11
3995,plunging,11
595,tend,11
2024,lens,11
4166,changing,11
2030,caw,11
1249,worst,11
1722,alert,11
2034,storms,11
189,box,11
2227,ids,11
824,germs,11
1110,board,11
903,bug,11
741,give,11
1966,dotcom,11
155,wife,11
2225,updates,11
525,trad,11
2924,nature,10
2737,chaos,10
1076,yeah,10
1842,carrying,10
1403,route,10
973,bleed,10
2124,officials,10
4037,twist,10
2935,panes,10
3063,claims,10
3364,pics,10
1794,wow,10
259,block,10
1146,civil,10
1170,villa,10
242,cycle,10
1898,landing,10
1078,bagging,10
2021,control,10
1073,dud,10
1258,giant,10
1093,fort,10
1262,cranes,10
1265,holding,10
2038,aircraft,10
1954,foot,10
2048,thank,10
1589,educ,10
2668,wolf,10
1174,village,10
2326,tire,10
650,crime,10
2531,sow,10
3223,allows,10
2375,sitting,10
801,total,10
2027,review,10
2585,user,10
970,zing,10
1620,number,10
769,militant,10
1109,ready,10
530,actual,10
1358,chase,10
1384,web,10
1111,always,10
1925,national,10
744,fen,10
1853,track,10
1564,serve,10
1190,also,10
2339,lions,10
641,spit,10
1373,firefight,10
3412,bill,10
1616,expected,10
1566,moon,10
995,wanted,10
1942,curfew,10
2537,anon,10
2404,hart,10
2317,sleep,10
775,youth,10
1027,deep,10
1202,guide,10
1401,taken,10
974,bleeding,10
2319,money,10
2125,clean,10
1788,unis,10
1490,counter,10
656,arsonist,10
1787,rice,10
2431,window,10
3234,tans,10
2536,brother,10
2877,account,10
313,examining,9
613,politic,9
1581,parent,9
1579,borough,9
616,victims,9
3250,modified,9
1850,aver,9
1587,areas,9
311,mining,9
1772,rude,9
2508,etch,9
611,stab,9
1816,serious,9
1649,edict,9
1617,heard,9
567,phis,9
2702,become,9
1767,guard,9
1664,record,9
1808,corp,9
195,market,9
1840,horn,9
29,orders,9
1602,sees,9
3249,stadium,9
3280,mesh,9
1678,company,9
2690,severe,9
607,grief,9
630,student,9
1003,sent,9
1575,rust,9
719,trip,9
667,aura,9
812,gag,9
1410,vehicle,9
1261,epic,9
4039,captures,9
3012,flattened,9
376,left,9
3822,stretcher,9
3011,flat,9
3785,pad,9
3127,icky,9
1232,harm,9
3836,spaceship,9
2479,cloud,9
3594,pandemonium,9
2215,information,9
1090,riff,9
3029,soul,9
2455,stem,9
1990,houses,9
4021,trouble,9
2179,calls,9
512,formation,9
515,format,9
3667,photography,9
2430,genocide,9
2422,tram,9
1282,store,9
2239,ending,9
1060,meh,9
751,tron,9
2008,raw,9
2235,chief,9
1077,killing,9
2391,khan,9
527,question,9
1343,bow,9
2550,friend,9
1526,kit,9
1173,visit,9
1150,forge,9
1536,problem,9
261,locked,9
3531,ova,9
1138,taking,9
215,hens,9
4058,upheaval,9
2672,sage,9
849,labs,9
2087,heal,9
1872,worth,9
2504,capsize,9
535,actually,9
2081,older,9
2678,oops,9
2205,smith,9
2502,caps,9
484,plain,9
966,loss,8
776,prison,8
1676,pair,8
2203,takes,8
2544,approach,8
243,motor,8
1139,civilian,8
3070,nay,8
3714,decision,8
1124,mile,8
2028,tour,8
1672,mix,8
2975,bay,8
1121,gunman,8
2914,peg,8
2977,vine,8
453,guess,8
1213,drop,8
1717,happened,8
2060,cases,8
2311,location,8
2115,disco,8
1807,mare,8
1162,amazon,8
2605,sens,8
3831,braking,8
852,research,8
883,front,8
1738,huge,8
1739,hug,8
2119,firms,8
2040,named,8
1763,bail,8
2120,flight,8
3872,heads,8
2484,president,8
4175,shots,8
250,turned,8
3706,numbers,8
1038,gets,8
935,xis,8
1907,answer,8
1610,woman,8
2272,saved,8
1462,risk,8
2642,chip,8
1619,everywhere,8
1041,suppose,8
1930,crushed,8
328,hmm,8
994,blight,8
578,urban,8
2780,abandon,8
3125,prod,8
1492,told,8
3258,china,8
1495,hood,8
3189,pact,8
1504,cred,8
925,series,8
408,tween,8
657,arrest,8
2186,troll,8
38,wildfires,8
2689,activate,8
1885,inner,8
1014,okay,8
3483,cake,8
3229,shell,8
1863,almost,8
1861,bicyclist,8
723,raining,8
3145,playing,8
1817,tug,8
1411,throw,8
3415,bis,8
523,radio,8
1400,someone,8
3652,friends,8
735,logic,8
2618,stun,8
1976,glad,8
3655,repatriated,8
644,heme,8
3627,radiation,8
1369,firefighter,8
1432,tips,8
2190,beast,8
1826,lair,8
740,share,8
1661,setts,8
910,mode,8
3403,hall,8
2096,angry,7
2237,spend,7
3196,hellfire,7
3041,waves,7
1765,guardian,7
3310,loop,7
1901,pump,7
585,bring,7
583,bank,7
2015,occur,7
2117,comes,7
1967,itch,7
2255,hut,7
463,hunter,7
2118,confirms,7
2226,mute,7
1824,season,7
2062,soldier,7
2063,soldiers,7
314,expert,7
2114,discovery,7
3179,vulnerable,7
1834,heel,7
2113,discover,7
2811,abandoned,7
1818,bike,7
2189,agree,7
274,tail,7
1811,gem,7
1737,moment,7
934,concern,7
1642,pop,7
1557,gonna,7
2482,making,7
942,broke,7
888,liked,7
1307,runs,7
1563,blame,7
936,forced,7
1310,joy,7
330,iron,7
658,arrested,7
870,laying,7
2439,damaged,7
638,leader,7
2606,predict,7
2572,stay,7
1006,believe,7
639,treat,7
1268,central,7
1595,evil,7
1257,calamity,7
1016,gyp,7
1045,horrible,7
1141,mete,7
1059,delay,7
1439,afternoon,7
1055,load,7
660,leak,7
2547,create,7
2419,insurer,7
978,hours,7
1621,desk,7
116,holes,7
1530,thoughts,7
1122,hatchet,7
965,nearly,7
1351,thousand,7
2310,vela,7
1614,anything,7
2548,toward,7
1735,along,7
1516,fine,7
653,whit,7
948,quest,7
1375,crow,7
2312,temp,7
401,sister,7
975,cab,7
1501,mean,7
871,tops,7
1552,degree,7
1508,fox,7
3339,three,7
1480,roof,7
1387,burns,7
2379,orb,7
796,fully,7
1145,civilians,6
1922,source,6
1475,owner,6
3174,alive,6
2961,catch,6
1272,computer,6
1915,bear,6
1914,door,6
365,ability,6
1306,running,6
3583,loops,6
1491,acts,6
3045,tracks,6
2840,pod,6
1899,runway,6
3564,obliterated,6
1897,avoiding,6
1896,microlight,6
1273,computers,6
2201,population,6
3548,breaking,6
3164,slip,6
1315,protest,6
3162,lips,6
1386,wise,6
2794,firefighters,6
309,experts,6
2789,opens,6
3751,spot,6
1396,mention,6
3837,problems,6
1224,democracy,6
3105,stream,6
2448,race,6
3824,etcher,6
745,legal,6
2457,system,6
2228,kids,6
3093,budget,6
2251,reach,6
3089,usual,6
1363,loses,6
2054,cant,6
2617,class,6
3749,sorry,6
2249,instead,6
770,militants,6
2623,hair,6
1215,oral,6
2259,already,6
3640,thru,6
1463,minute,6
3601,stuff,6
2826,tum,6
711,dark,6
3137,porn,6
1182,worry,6
1187,without,6
1314,matter,6
1533,elm,6
714,raid,6
2002,extremely,6
2217,recover,6
1201,lots,6
1944,teen,6
2000,known,6
1253,minds,6
2453,leaves,6
2627,wonder,6
3019,dream,6
3639,fax,6
2787,evening,6
1304,ooh,6
2677,message,6
2197,toxic,6
3440,beach,6
1696,mist,6
1693,oft,6
941,span,6
3372,coffee,6
2294,watching,6
2884,gay,6
1800,consider,6
1803,animal,6
3266,hub,6
2535,trees,6
1669,dual,6
2503,capsizes,6
1665,commit,6
1655,climate,6
1814,threatening,6
1651,estimate,6
1645,grand,6
2437,condition,6
2147,castle,6
1290,quick,6
3762,swallows,6
4161,iii,6
1279,owl,6
1700,later,6
3302,girls,6
1755,financial,6
1752,para,6
4200,wrecked,6
2724,moving,6
1764,continues,6
1741,wanna,6
1740,dental,6
968,blazing,6
3329,inundation,6
2868,kind,6
972,prom,6
1729,situation,6
2869,flower,6
1278,current,6
2719,stuck,6
2170,asp,6
3295,tony,6
2735,dates,6
277,stow,6
2168,shape,6
2751,romp,6
648,couple,6
1635,core,6
1293,grad,6
1294,quickly,6
4027,rolling,6
1857,runner,6
2912,shift,6
1567,moo,6
1296,lying,6
2123,relatives,6
1094,comment,6
2806,lifted,6
2613,factor,6
545,angel,6
3957,journal,6
1875,cup,6
3220,parents,6
1877,pants,6
3219,slate,6
3218,kidnap,6
1300,screaming,6
1540,picture,6
879,page,6
2014,facts,6
1031,bloody,6
2283,stories,6
1583,totally,6
1036,shows,6
2347,gall,6
1827,sot,6
1626,suck,6
3451,planet,6
1292,grade,6
1613,trust,6
1835,causes,6
1588,crazy,6
1607,might,6
1605,calm,6
3802,awl,6
3461,mayhem,6
4040,satellite,6
1601,female,6
2191,reed,6
2284,goes,6
3740,screamed,6
2607,cared,5
3015,guys,5
3794,boost,5
3023,started,5
792,auto,5
1260,shock,5
3022,slow,5
2230,rails,5
2307,redo,5
3005,plug,5
2136,motion,5
1113,pray,5
2478,helping,5
2116,jib,5
1095,effort,5
1075,dude,5
2913,focus,5
2489,rapid,5
2134,falls,5
911,daughter,5
2474,ended,5
2856,strikes,5
1030,reason,5
919,cult,5
1022,dona,5
1001,humanity,5
933,pretty,5
269,motorcycle,5
2873,among,5
2844,warship,5
2936,increase,5
1231,toll,5
2988,mike,5
3835,trigger,5
1221,harbor,5
2586,icily,5
1214,dropped,5
1211,scow,5
1208,months,5
1206,schedule,5
2218,recovery,5
1199,words,5
869,chard,5
2216,rises,5
825,pathogens,5
1192,yard,5
835,pathogen,5
837,gens,5
3858,attacks,5
854,potential,5
3877,terrorists,5
2931,sized,5
1388,apartment,5
2862,batter,5
3185,refer,5
2438,conditions,5
2697,costs,5
186,setting,5
1893,states,5
1810,yen,5
1667,individual,5
1513,exec,5
1503,incredible,5
2652,peak,5
2387,feeling,5
1795,washing,5
1673,prepared,5
170,ramp,5
2293,enough,5
2647,repair,5
1474,reek,5
1919,including,5
3279,trying,5
637,hospital,5
2394,mater,5
1527,hag,5
1532,response,5
1887,marine,5
3212,former,5
3242,threatens,5
3468,parts,5
1600,fem,5
3233,lox,5
1837,buses,5
1572,lanes,5
1565,fuel,5
3231,data,5
1559,lamed,5
1866,rank,5
1868,minister,5
1556,tiny,5
2278,freakiest,5
2350,poll,5
1545,happening,5
3260,kidnapped,5
1882,heed,5
1884,agar,5
1534,stupid,5
3592,sang,5
708,lii,5
2772,yuk,5
610,notice,5
1757,wealth,5
633,students,5
1378,dding,5
3671,troops,5
398,ride,5
600,else,5
3742,aunt,5
3087,rising,5
1774,unity,5
1750,gone,5
1963,plant,5
3752,intensity,5
1760,talks,5
2001,extreme,5
1312,looking,5
1308,magic,5
2009,draw,5
1297,distance,5
2019,standard,5
3033,arrive,5
1389,apart,5
2254,shut,5
1440,destroys,5
1950,seen,5
3131,bob,5
2325,entire,5
2640,knife,5
1789,sew,5
1699,five,5
1443,arms,5
1703,expo,5
1578,warm,5
2715,thunderstorms,5
1413,tings,5
524,college,5
1958,lave,5
2334,sore,4
2182,writ,4
2861,toilet,4
2755,warnings,4
2708,remains,4
2353,grenade,4
2754,study,4
2357,moves,4
2499,driving,4
2713,angle,4
2302,tune,4
2342,fashion,4
2718,tuck,4
2304,song,4
2736,accept,4
2711,hits,4
2703,electric,4
2441,differ,4
2683,emotion,4
2258,closes,4
2400,intern,4
2821,elite,4
2635,design,4
2406,ahead,4
2410,leading,4
2411,giving,4
2629,finite,4
2415,hoax,4
449,pulls,4
2853,dance,4
2791,users,4
2793,false,4
2243,degrees,4
2443,different,4
2242,leaving,4
2799,residents,4
385,began,4
2609,beard,4
2266,earlier,4
2397,understand,4
2770,signed,4
2581,occurred,4
2540,dive,4
2541,sod,4
2849,gist,4
2681,bum,4
2488,spread,4
2366,bane,4
2368,seq,4
2195,cog,4
2558,resting,4
2843,cycling,4
2563,headed,4
2570,deadly,4
2377,wards,4
2761,monster,4
2204,download,4
2650,shelter,4
2463,suffer,4
2555,interest,4
956,double,4
2863,recall,4
3503,prof,4
3450,chain,4
3455,dip,4
3456,gig,4
1603,sharp,4
1593,cannot,4
3462,victor,4
1582,apparent,4
3467,unknown,4
3475,univ,4
3476,university,4
1551,toe,4
1537,drink,4
1459,ouch,4
3532,policy,4
3535,lope,4
1512,upset,4
3567,obliteration,4
1494,loot,4
1487,balls,4
1485,mountains,4
1481,bullet,4
1477,parks,4
1471,meta,4
1465,minutes,4
3441,muse,4
3416,none,4
3413,trial,4
1653,tap,4
1805,horse,4
3269,nus,4
3283,layer,4
1783,strict,4
1779,awful,4
3300,belt,4
3307,related,4
1762,debt,4
1746,hunk,4
3320,tide,4
3323,southern,4
3337,veteran,4
615,notices,4
1709,active,4
1698,express,4
3367,appears,4
1691,medical,4
1684,luck,4
3373,tier,4
3374,steel,4
3396,japan,4
1663,style,4
1656,var,4
3595,shh,4
1452,currently,4
1822,points,4
3929,rules,4
848,sigh,4
3860,targets,4
1155,hats,4
1137,drone,4
3878,murdered,4
3893,industry,4
3908,drawn,4
876,sanction,4
877,secret,4
3917,meg,4
3925,caster,4
1091,dangerous,4
3602,panicking,4
1086,bags,4
1068,aux,4
1063,utter,4
1043,supposed,4
1032,played,4
1010,super,4
4160,elevated,4
990,anyone,4
987,blew,4
4167,cay,4
969,reject,4
844,certain,4
843,stopped,4
1168,nuke,4
1176,pip,4
1437,rips,4
1436,neighbor,4
3619,online,4
1406,estate,4
1392,meeting,4
3651,gift,4
3659,feed,4
1356,remind,4
1354,babies,4
1353,tear,4
1336,literally,4
1335,fucking,4
1331,probably,4
1316,steal,4
1285,acted,4
1280,church,4
804,involving,4
3834,triggered,4
1225,logy,4
3848,unlocked,4
1209,ghost,4
1203,mission,4
1178,countries,4
3261,previous,4
2516,seek,4
1986,glade,4
2129,worker,4
3114,gotten,4
2035,coy,4
2904,happens,4
3090,usually,4
2017,finger,4
3050,cad,4
256,blocked,4
2076,sop,4
3148,kiss,4
3082,floor,4
2132,trek,4
1970,traditional,4
1935,except,4
3088,grows,4
2069,loose,4
3132,cats,4
3128,wicked,4
2094,political,4
1969,worldwide,4
2919,justice,4
2109,code,4
3122,fringe,4
2106,moth,4
3001,dung,4
1996,twit,4
3115,glass,4
2140,scale,4
2066,loos,4
2903,refuse,4
3224,parole,4
3004,scared,4
1985,max,4
3244,held,4
2160,thousands,4
2159,tunnel,4
1847,crashing,4
2058,maybe,4
3008,mansion,4
1854,working,4
2156,protect,4
3210,plans,4
1862,deli,4
2085,screen,4
3024,cancel,4
2896,struck,4
3080,match,4
1879,favor,4
3025,inch,4
1984,speed,4
2061,vote,4
546,took,4
2968,trail,4
3075,approaches,4
2978,opened,3
2824,prompt,3
2967,check,3
3833,unlocking,3
3840,brakes,3
2601,drill,3
2981,fair,3
2752,festival,3
3821,shoes,3
3811,include,3
3654,gave,3
2997,heading,3
3679,stranded,3
2993,saving,3
3680,strand,3
3696,sheriff,3
3724,sight,3
2992,especially,3
2815,sics,3
3753,berg,3
2989,added,3
3754,cuts,3
3783,titan,3
3784,weird,3
2986,swift,3
3789,lix,3
3803,cockpit,3
3765,disrupts,3
2923,push,3
3849,resulted,3
3981,strong,3
3998,dub,3
4011,root,3
4020,dumb,3
2539,yest,3
4038,predicted,3
4041,measurement,3
4042,precipitation,3
4047,landfall,3
4060,auk,3
4061,footage,3
4089,club,3
4140,battling,3
2895,eastern,3
4145,advance,3
2883,cell,3
2857,officers,3
2525,yell,3
2519,rivers,3
4196,brown,3
2542,yesterday,3
3976,quarter,3
2963,kinda,3
3975,quart,3
2959,option,3
3857,responsibility,3
2946,roads,3
2942,inning,3
2939,neg,3
2938,hearing,3
69,woods,3
2933,pedestrian,3
3885,actions,3
3889,john,3
2842,charging,3
46,direction,3
2920,hands,3
2551,woke,3
2549,towards,3
3919,grown,3
3923,vital,3
2918,galore,3
3960,overnight,3
2998,buck,3
2639,viva,3
3641,float,3
3147,picked,3
3187,canoe,3
3180,alp,3
2767,rye,3
3368,turns,3
3173,cancer,3
2771,wrap,3
2707,vets,3
3379,given,3
2704,recommend,3
3406,trolled,3
3190,impact,3
3126,produce,3
2782,eight,3
3429,freedom,3
3430,freed,3
3439,museum,3
2694,activated,3
2692,flooded,3
2864,recalls,3
3446,investigated,3
3361,gusty,3
3360,yam,3
2691,activates,3
2730,equipment,3
3257,cub,3
3271,levels,3
3285,leveled,3
3286,doz,3
3287,dozens,3
3288,dozen,3
3293,smugglers,3
3298,sponsor,3
2756,dying,3
3315,oped,3
3357,reshape,3
2760,contain,3
3221,chill,3
3330,efforts,3
3331,damages,3
2723,manage,3
3332,plat,3
3338,bounds,3
3345,suns,3
3346,sunset,3
3121,mother,3
3113,killer,3
3626,exposure,3
2753,teams,3
3065,writes,3
3054,joined,3
3589,triple,3
2645,reopen,3
2805,stable,3
3590,digit,3
2644,diver,3
3038,extend,3
3031,funds,3
3604,boot,3
3073,relief,3
3610,hunters,3
2634,factory,3
3616,speech,3
3617,communities,3
2632,lesson,3
2631,definite,3
2630,definitely,3
3620,offensive,3
3622,banned,3
2648,speak,3
3579,percent,3
3109,tape,3
3512,prosecute,3
3106,lets,3
2688,ruin,3
2685,emotional,3
3103,spending,3
2679,ploy,3
3498,faster,3
2675,taxis,3
3508,insure,3
3511,pros,3
3517,biggest,3
2657,falling,3
2667,fees,3
3536,lop,3
3539,electrical,3
3562,pis,3
3563,mars,3
2795,afford,3
2665,enjoy,3
3570,settle,3
3578,hob,3
3442,copycat,3
2584,created,3
728,dire,3
1871,exist,3
1926,alum,3
2331,everyday,3
872,stops,3
1523,pour,3
1126,longs,3
2316,considering,3
1670,preparedness,3
2313,honest,3
2309,elation,3
1352,tears,3
1666,individuals,3
2301,final,3
1659,program,3
2300,tuned,3
1125,coast,3
1531,burnt,3
526,internet,3
2295,exercised,3
1350,weep,3
1317,retweet,3
2285,condo,3
1961,tropical,3
642,failed,3
2271,xvi,3
1968,pitch,3
2270,cleanup,3
643,duo,3
2335,needed,3
2336,reportedly,3
2338,prevent,3
1683,studio,3
1876,minor,3
2402,model,3
752,simply,3
1372,makes,3
1880,join,3
2396,subject,3
1883,aching,3
2390,alter,3
2386,short,3
1890,sylvan,3
1894,single,3
1505,stealing,3
541,queen,3
1359,wins,3
2369,consequences,3
2367,sequence,3
1518,proud,3
1918,doctor,3
1136,bombs,3
2358,missed,3
1920,seems,3
1519,several,3
2354,waiting,3
2351,feat,3
1522,quit,3
1295,wont,3
880,faced,3
2265,delays,3
2263,commute,3
477,forecast,3
2050,avert,3
2172,annual,3
1054,nobody,3
884,inland,3
2157,moved,3
773,complete,3
1081,nigga,3
2144,prove,3
1604,everything,3
659,serial,3
2141,truly,3
2079,dear,3
2128,sources,3
1044,values,3
1065,brought,3
2122,washed,3
2082,innocent,3
2110,highway,3
2083,govt,3
2084,probe,3
2102,kick,3
2099,condemn,3
762,tells,3
2098,hew,3
2097,thew,3
1574,somewhere,3
1334,maintenance,3
2047,forever,3
2262,clearly,3
1024,pressure,3
1644,whale,3
1978,spin,3
2257,realize,3
447,drunk,3
2244,wheel,3
2240,wart,3
1421,videos,3
2238,links,3
1541,edge,3
2006,causing,3
1542,crap,3
927,paper,3
2010,owners,3
2178,structure,3
924,alleged,3
1333,streets,3
1637,heaven,3
2018,nail,3
1097,legacy,3
504,nelson,3
2037,crashes,3
1546,riots,3
917,difficult,3
2193,greed,3
2183,gamer,3
1631,rates,3
1874,anymore,3
1305,respect,3
1867,blocking,3
1200,guided,3
1727,simulate,3
1237,marked,3
2420,mitigation,3
1427,pundit,3
1702,better,3
1399,mentions,3
1724,alerts,3
2481,weed,3
1801,wrong,3
2436,website,3
2440,fired,3
1710,training,3
1281,likely,3
560,dim,3
800,fleet,3
726,direct,3
1812,rider,3
2450,strategy,3
1236,gap,3
1711,exercise,3
1398,walls,3
1447,belle,3
614,stir,3
1230,snap,3
979,liberal,3
1444,blink,3
1721,leads,3
612,stabbing,3
964,losses,3
1472,metal,3
2470,rating,3
2467,aqua,3
1486,lights,3
1489,library,3
2418,blasts,3
811,trooper,3
1179,flee,3
1728,units,3
1743,collapses,3
2417,device,3
1418,places,3
551,yid,3
623,toddler,3
1786,insane,3
1246,fold,3
1742,accidentally,3
3738,pulled,2
2039,slight,2
1777,community,2
3961,crown,2
3026,consequence,2
3340,hod,2
3431,feminist,2
3731,euro,2
3062,blames,2
2004,contract,2
3947,soft,2
2042,lightly,2
2043,slightly,2
3944,encounter,2
3021,lax,2
3445,investigate,2
1332,kip,2
3428,misses,2
3965,lightening,2
1250,knew,2
3735,grit,2
3341,farm,2
3344,looked,2
1792,chocolate,2
3819,packed,2
1712,brig,2
3951,captured,2
3816,solar,2
3435,belonged,2
3284,player,2
3049,burst,2
3048,valley,2
3047,dinner,2
3046,guest,2
3056,bringing,2
2016,curs,2
3030,basic,2
3292,mug,2
1636,reward,2
3342,bridges,2
1634,score,2
3058,dew,2
3037,sympathy,2
3036,tends,2
3035,extends,2
2022,uncle,2
3820,bliss,2
649,fake,2
506,petition,2
3448,served,2
3974,quarters,2
3807,dressed,2
1756,curing,2
1744,chunks,2
3796,games,2
3996,unaware,2
2965,boys,2
1074,drake,2
3317,dented,2
1080,niggas,2
3729,stock,2
2969,trailer,2
3798,color,2
2970,pug,2
1577,server,2
2972,wheeler,2
1584,apparently,2
3997,unawares,2
2960,shaking,2
2086,idem,2
4000,reviews,2
4001,daughters,2
3470,product,2
2953,birth,2
3471,price,2
2949,sadly,2
2948,shops,2
1270,afraid,2
1271,syn,2
1732,grab,2
2089,tut,2
4007,mask,2
1734,sweat,2
4008,miners,2
3334,majority,2
3464,victory,2
2078,borne,2
2056,rickets,2
3013,nope,2
1770,economy,2
3805,cock,2
3010,crimes,2
3970,sheet,2
3305,antic,2
2051,thanks,2
3727,dag,2
3726,lived,2
1089,activity,2
3336,fears,2
2055,cricket,2
3000,twitter,2
2999,bucks,2
3977,kens,2
1585,weekend,2
2995,brand,2
2994,bran,2
2059,completely,2
2064,occupants,2
2065,xxv,2
1612,bey,2
3308,golf,2
3459,period,2
2984,grateful,2
3335,bullets,2
2982,catches,2
1766,revenues,2
3801,boos,2
3988,reference,2
3939,register,2
3086,sets,2
3282,views,2
555,scary,2
3883,teacher,2
3168,existence,2
3170,dime,2
1846,fish,2
3172,waste,2
3243,dick,2
1923,northwest,2
1932,diamond,2
3241,quote,2
3782,quiz,2
3766,trolley,2
3781,sham,2
3385,moral,2
1132,changed,2
3166,offers,2
3165,noodle,2
3841,galactic,2
3763,meter,2
3163,foods,2
1219,cryptic,2
3161,offer,2
3160,unsafe,2
3358,reshapes,2
3390,broad,2
3252,render,2
3391,jobs,2
3155,material,2
873,shipping,2
3761,snake,2
3759,funny,2
3254,aviation,2
1218,pilots,2
1912,knock,2
3182,holly,2
3775,develop,2
1167,nukes,2
1689,often,2
1878,favorite,2
1177,conflict,2
3216,transfer,2
3851,provide,2
3215,posted,2
3370,flying,2
3213,sexual,2
544,spirit,2
1892,suspected,2
1858,verdict,2
3861,experiencing,2
3780,shame,2
3203,thinking,2
1675,bought,2
3201,desire,2
3200,surrounded,2
3199,careful,2
3198,desires,2
3197,charity,2
3235,dash,2
3195,bras,2
3773,housing,2
3771,damaging,2
1144,drama,2
1908,answers,2
3873,fab,2
1909,lama,2
3382,imply,2
1929,seven,2
3356,crystal,2
3072,declared,2
3921,border,2
3276,sites,2
1972,rams,2
3096,sparked,2
3097,parked,2
1099,shad,2
3274,absolute,2
1971,future,2
3355,apes,2
3826,hoes,2
3104,northern,2
3348,bid,2
1116,frag,2
3108,straight,2
1276,unfold,2
3747,solo,2
3823,shoe,2
3278,license,2
1098,shadow,2
1799,trusty,2
1980,sucks,2
1992,skills,2
3421,greet,2
3423,guns,2
1993,property,2
3081,wardens,2
1994,skill,2
3079,playlist,2
3078,rapidly,2
3076,bust,2
1995,proper,2
3935,hurry,2
3110,sparks,2
878,sanctions,2
3112,tokes,2
3130,backyard,2
1838,kept,2
3400,vita,2
3142,progress,2
2090,plague,2
3404,challenge,2
3903,decisions,2
3405,crowd,2
3354,pours,2
3353,random,2
1821,vehicles,2
3352,rained,2
3407,wheat,2
1936,stress,2
1937,saying,2
1123,miles,2
3267,potter,2
1939,enters,2
3263,particular,2
1946,bicycle,2
3909,normal,2
1948,happy,2
3408,controlled,2
1949,smoking,2
3120,elk,2
3118,fruit,2
3351,drove,2
1326,dogs,2
3914,charges,2
1654,invasion,2
3916,follows,2
4009,starring,2
2922,adult,2
2941,updated,2
4135,mega,2
3663,names,2
3665,returned,2
2365,electronic,2
1515,businesses,2
2362,fits,2
1364,follower,2
3668,object,2
3557,teach,2
4123,client,2
2686,bump,2
2687,emotionally,2
1361,leans,2
2345,cheese,2
4117,returns,2
2341,repeat,2
932,agents,2
2699,trump,2
2372,write,2
2381,declares,2
3527,sweep,2
3660,hosting,2
2638,campus,2
691,version,2
1497,looting,2
2646,opening,2
1007,hay,2
2649,speaking,2
2388,native,2
3576,mop,2
2653,emergencies,2
3657,throwing,2
2655,aide,2
3574,previously,2
3571,settlement,2
1365,followers,2
2661,leaders,2
2662,addict,2
2383,doors,2
2701,becomes,2
2706,homeless,2
2329,hung,2
2709,asses,2
931,agent,2
2744,elephant,2
3534,technology,2
1535,treated,2
2290,works,2
4092,insight,2
4090,nightmarish,2
2287,pest,2
2286,loved,2
2282,twin,2
1020,receive,2
2758,hrs,2
3685,biker,2
2273,villagers,2
2762,contained,2
2763,ocean,2
2764,fell,2
2741,backs,2
2740,mead,2
1528,kitten,2
1355,reminds,2
2710,fix,2
4111,billings,2
3547,circuit,2
2321,clue,2
3677,capsized,2
2314,honestly,2
3543,projects,2
2308,rich,2
2738,coat,2
2727,appeared,2
2728,disappear,2
3540,gum,2
4100,pussy,2
2940,address,2
1525,labor,2
2297,asylum,2
2637,shirt,2
3653,married,2
2403,visited,2
732,psychological,2
2490,purple,2
2546,weak,2
2475,suspend,2
2473,kana,2
2552,tired,2
2472,revealed,2
2471,lakes,2
2556,hick,2
2557,clouds,2
2560,plus,2
2469,warns,2
2562,blowing,2
971,promise,2
4191,origin,2
4188,original,2
2568,loading,2
2573,chic,2
4201,frog,2
2538,arriving,2
2497,swim,2
2510,bottom,2
2513,planned,2
2512,together,2
3625,trend,2
2521,idiot,2
2511,memorial,2
2523,fence,2
2524,yellow,2
2527,within,2
2498,demons,2
3623,bred,2
2529,rare,2
2509,twice,2
1428,involved,2
2533,planted,2
2506,lye,2
1433,multi,2
4184,lawn,2
3605,investigation,2
3584,concerns,2
1408,alto,2
939,colluded,2
2612,pays,2
2432,windows,2
391,airport,2
2424,means,2
2616,loving,2
2423,welfare,2
1002,seeing,2
3588,digits,2
2622,realized,2
2624,cable,2
2625,childhood,2
3587,reaches,2
2628,math,2
1380,lawyer,2
2409,knows,2
2408,grave,2
2610,keeps,2
985,robs,2
3593,mam,2
2588,aftershock,2
3642,grass,2
2461,chart,2
2458,tort,2
3600,concert,2
369,text,2
1458,gotta,2
2587,initial,2
4173,veterans,2
2602,courage,2
2592,abuse,2
4172,gunfire,2
4171,exchange,2
2595,necessary,2
2597,upgrade,2
3646,cards,2
981,beck,2
3528,images,2
2734,tribal,2
4049,talent,2
3509,sewing,2
2192,agreed,2
2187,silent,2
3500,tried,2
2859,dump,2
2181,writing,2
2177,structures,2
2176,illegal,2
2867,kinder,2
2173,ideas,2
3700,league,2
1053,tone,2
2171,swarm,2
2167,voice,2
2166,lour,2
2163,voices,2
3494,condolence,2
2880,xxx,2
2852,attend,2
1345,worried,2
2850,drug,2
2837,goal,2
3507,books,2
2831,cabin,2
3506,professional,2
2833,ordered,2
2210,destiny,2
2835,broken,2
2836,famous,2
3694,rape,2
4046,according,2
2839,parking,2
4052,bulls,2
1348,disgusting,2
2200,mistake,2
4050,tale,2
2196,begins,2
2846,recycling,2
2881,airing,2
3493,sneak,2
2155,protecting,2
2926,section,2
2916,refused,2
3482,bread,2
3481,bake,2
1562,blamed,2
487,belief,2
3328,sudden,2
2925,engine,2
2927,intersection,2
1064,hype,2
2929,concerned,2
4014,generational,2
3477,dances,2
2932,reporting,2
2934,cities,2
3713,criminal,2
899,diseases,2
2915,nip,2
1553,toes,2
3703,acid,2
2893,article,2
2150,perfect,2
2149,quite,2
2146,powerful,2
2889,poverty,2
2890,memory,2
2891,capital,2
3704,blind,2
3705,reduced,2
4024,banks,2
2143,improve,2
2897,reign,2
2898,foreign,2
2900,society,2
3488,physical,2
3707,reduce,2
2905,blog,2
1544,tests,2
3790,battlefield,2
4072,brutal,2
2814,bold,2
4066,pup,2
2812,note,2
2781,responded,2
4078,specialist,2
2233,frequent,2
3513,cob,2
2809,legit,2
3521,ignore,2
3691,clash,2
2785,interesting,2
2236,acting,2
2786,milk,2
4070,upper,2
3520,prosecuted,2
3519,executives,2
3518,safer,2
2252,orange,2
2801,folk,2
2247,chance,2
2800,derails,2
1539,drinking,2
2798,wells,2
2797,swell,2
3522,peaceful,2
2796,swells,2
3688,selfie,2
2269,underway,2
2820,cement,2
4063,tough,2
2773,wrapped,2
2827,voluntary,2
2267,common,2
2213,acute,2
2776,letter,2
3525,veg,2
4083,dare,2
2818,turner,2
2817,announce,2
4064,batters,2
3720,controllers,1
3721,roller,1
3682,bark,1
3686,starving,1
3681,whales,1
3722,outback,1
3787,sleeping,1
3638,drift,1
3637,liners,1
3715,prior,1
1344,corn,1
3643,gear,1
3635,gulls,1
3745,plastic,1
3716,matches,1
3689,credit,1
3719,insurers,1
3708,minded,1
3788,showed,1
3711,profile,1
1323,mornings,1
3718,hooligan,1
3717,jail,1
3629,zones,1
3630,emit,1
3631,discovered,1
3786,sounding,1
3632,knowing,1
3746,external,1
3710,horrific,1
3712,file,1
3633,starts,1
1327,tattoo,1
3628,planning,1
1274,unfolded,1
3709,bars,1
1328,donate,1
3634,seagull,1
3683,await,1
3768,portion,1
3755,survey,1
3777,riders,1
3673,cage,1
3779,hoke,1
3739,thigh,1
3697,buy,1
1291,ugly,1
3764,crater,1
3687,guides,1
3656,campaign,1
3670,visits,1
3732,referring,1
3737,tryout,1
3669,opera,1
3736,tryouts,1
3723,controller,1
3658,fade,1
3776,vicinity,1
3767,halt,1
3774,wage,1
3666,exhibition,1
3693,eventually,1
3734,largest,1
3661,banquet,1
3664,fleeing,1
3772,potters,1
3662,wedding,1
3770,construct,1
3674,ladies,1
3692,scrap,1
3730,bargain,1
3698,upgraded,1
3756,contractor,1
3644,flowers,1
3757,tractor,1
3758,neat,1
3744,spider,1
3769,construction,1
3645,card,1
3678,dolphin,1
3743,bare,1
1394,required,1
3760,comedy,1
3702,fixed,1
3649,sincere,1
3650,razing,1
1381,associated,1
3676,pleasant,1
1286,reacted,1
3725,looters,1
3690,bright,1
3701,worked,1
778,imprison,1
1329,skip,1
3675,smug,1
3699,saint,1
3741,coworker,1
3750,meat,1
2514,bands,1
3791,taxi,1
4094,badge,1
4091,terrible,1
4088,missiles,1
4087,defense,1
4086,collective,1
4085,opinion,1
4084,articles,1
4082,willing,1
4081,drugs,1
4080,rugs,1
4079,neighborhood,1
4077,epicenter,1
4076,cave,1
4075,belly,1
4074,rioters,1
4073,admin,1
4093,grenades,1
4095,citing,1
4118,puts,1
4097,automatic,1
4114,violations,1
4113,oppose,1
4112,thorn,1
4110,forgotten,1
4109,forgot,1
4108,argue,1
4107,forms,1
4106,duty,1
4105,uniform,1
4104,uniforms,1
4103,reminder,1
4102,continued,1
4101,sort,1
4099,puss,1
4098,supporter,1
4071,clap,1
4069,battered,1
4068,swept,1
4067,brie,1
4034,beacon,1
4033,encouragement,1
4032,compound,1
4031,floated,1
4030,swallowed,1
4029,optic,1
4028,illusion,1
1062,somehow,1
4026,bitcoin,1
4025,coin,1
4023,maker,1
4022,solution,1
4019,pushing,1
4018,overturn,1
4017,tragic,1
4035,personal,1
900,infectious,1
909,transgender,1
4054,prepares,1
4065,enjoying,1
4062,cries,1
4059,mentioned,1
4057,events,1
4056,sixth,1
4055,passed,1
4053,bullseye,1
1037,present,1
4051,digital,1
4048,vegetable,1
4045,anew,1
4044,international,1
4043,federal,1
912,warrior,1
4115,violation,1
4119,microphone,1
3792,cigarette,1
4186,rammed,1
4183,lethal,1
4182,disorder,1
4181,patio,1
4180,torso,1
4179,exchanging,1
4178,visible,1
4177,serving,1
4176,ricks,1
4174,fatally,1
4170,sketch,1
4169,deputies,1
4168,drivers,1
982,racing,1
4165,hike,1
4164,approves,1
4185,tiles,1
4187,rower,1
4120,raging,1
4189,label,1
4208,troubling,1
4207,flip,1
4206,smells,1
4205,smell,1
4204,headquarters,1
4203,explosives,1
4202,explosive,1
963,rages,1
4199,wants,1
4198,conclusively,1
4197,reunion,1
4195,belongs,1
4194,furious,1
4193,confirmation,1
4190,vinyl,1
4163,wondering,1
4162,olive,1
4159,lasting,1
4157,perquisite,1
4137,earthquakes,1
4136,hurricanes,1
4134,lathe,1
4133,starting,1
4132,ultimate,1
4131,institute,1
4130,exacerbated,1
4129,forbid,1
4128,larger,1
4127,tinder,1
4126,unless,1
4125,drain,1
4124,emotions,1
4122,lasted,1
4121,stands,1
4138,snacks,1
4139,snack,1
1012,worship,1
4150,destructive,1
4156,growth,1
4155,general,1
4154,impacted,1
4153,machine,1
4152,attention,1
4151,scariest,1
4149,evacuations,1
4141,combined,1
4148,upward,1
4147,management,1
4146,tool,1
4144,hearths,1
4143,earths,1
4142,gaining,1
4016,journalist,1
4015,effects,1
4013,generation,1
3876,amazing,1
3874,rightly,1
3871,vile,1
3870,gays,1
3869,camps,1
3868,launch,1
3867,historical,1
3866,slave,1
3865,piracy,1
3864,historic,1
3863,towing,1
1149,rein,1
1157,whats,1
3859,ridiculous,1
1165,invaded,1
3856,anybody,1
3875,value,1
3879,groups,1
4012,paint,1
3880,spontaneously,1
3899,justified,1
3898,whether,1
3897,exact,1
3896,exactly,1
3895,fled,1
3894,bets,1
3892,amber,1
3891,hitting,1
3890,merged,1
3888,sake,1
3887,vines,1
3886,steam,1
3884,taught,1
3882,teachers,1
3881,premonitions,1
3855,recap,1
3854,battles,1
3850,kitting,1
3847,inspect,1
3817,announced,1
3815,threats,1
3814,stunned,1
3813,companies,1
3812,expand,1
3810,outdoor,1
3809,feature,1
3808,featured,1
3806,despite,1
3804,audio,1
1269,thus,1
3800,pileup,1
3799,showing,1
3797,growing,1
3795,winter,1
3818,massive,1
3825,adjust,1
3827,adj,1
3838,correct,1
3846,inspection,1
3845,testing,1
3844,inspections,1
3843,integrity,1
3842,defects,1
3839,markets,1
1222,bats,1
3828,sideline,1
1228,icon,1
1233,harmony,1
1235,senior,1
105,arrived,1
3830,chair,1
3829,sidelines,1
3900,cousin,1
3901,hive,1
3902,fraction,1
3958,ironic,1
3982,pictures,1
3980,posts,1
3979,lark,1
3978,celled,1
3973,cancels,1
3972,suddenly,1
3971,shake,1
3969,dreaming,1
3968,hook,1
3967,shook,1
3966,alarms,1
3964,torrent,1
3963,pits,1
3962,responds,1
1092,evidence,1
3983,zit,1
3984,touched,1
3985,touch,1
3999,crossed,1
4010,cognitive,1
4006,exit,1
4005,bathroom,1
4004,produced,1
4003,adopt,1
4002,adoption,1
1070,omens,1
3986,beer,1
3993,sometimes,1
3992,meets,1
3991,perv,1
3990,eastward,1
3989,distinct,1
3987,drum,1
3959,acquire,1
3956,pale,1
3904,landscape,1
3955,jew,1
3930,item,1
3928,trials,1
3927,standing,1
3926,dome,1
3924,domestic,1
3922,criminals,1
3920,erode,1
3918,hatred,1
3915,faces,1
3913,assisting,1
3912,organizations,1
3911,roster,1
3910,gold,1
3907,copped,1
3905,apologize,1
3931,humans,1
3932,opposite,1
3933,equal,1
3946,pulling,1
3954,ssh,1
3953,mortal,1
3952,delayed,1
3950,plate,1
3949,stole,1
3948,stolen,1
3945,holed,1
3934,warming,1
3943,mercy,1
3942,asking,1
3941,punishment,1
3940,citizen,1
3938,handed,1
3936,endorses,1
3937,courts,1
3363,downpours,1
3624,trends,1
2973,assistance,1
2937,journey,1
2100,bias,1
2930,antes,1
2928,barrier,1
2101,equate,1
2104,pregnant,1
2112,mystery,1
2917,facing,1
2126,resource,1
479,became,1
2911,southeast,1
2135,kicked,1
2137,expose,1
2138,recent,1
2139,recently,1
2093,specific,1
2092,specif,1
2943,beginning,1
2956,dept,1
2080,illness,1
2966,checked,1
2964,success,1
2962,nowhere,1
2958,artist,1
2957,depth,1
2955,incredibly,1
2944,cyclists,1
2954,interview,1
2952,sole,1
2951,certificate,1
2950,responsible,1
2088,epidemic,1
2945,pedestrians,1
2902,raiders,1
2901,feelings,1
2899,experience,1
2830,recommended,1
2845,cart,1
2199,deserves,1
2841,abet,1
2202,deserve,1
2838,bits,1
2832,prompted,1
2211,enemy,1
2848,charger,1
2828,warned,1
2212,heavenly,1
2825,noted,1
2823,dial,1
2822,index,1
2214,simultaneous,1
2847,sail,1
2194,recognize,1
2894,hungry,1
2872,empty,1
2892,solve,1
2151,theme,1
2882,timeline,1
2879,replace,1
2165,invoices,1
2169,rainfall,1
2871,communication,1
2851,tested,1
2870,persist,1
2866,packs,1
2865,bedroom,1
2180,racist,1
461,yang,1
2854,dancer,1
2971,spinning,1
2974,taco,1
2816,announces,1
2976,ambulances,1
3069,asks,1
3068,amt,1
3067,amend,1
3066,desert,1
1999,monkey,1
2003,lighting,1
3061,throat,1
3060,lungs,1
2005,instant,1
3057,whatever,1
2007,cleric,1
3053,veil,1
3052,engineers,1
3051,options,1
2011,homeowners,1
1998,witch,1
3071,slides,1
1997,twitch,1
1975,grams,1
3102,deploy,1
3101,salmon,1
3100,deny,1
3099,destroying,1
3098,throughout,1
3095,spent,1
3092,pacific,1
3074,suffering,1
3091,bloom,1
1977,globe,1
3085,bite,1
3084,neck,1
3083,bites,1
3077,spreading,1
3044,occurs,1
3043,lulu,1
3040,villages,1
2071,measles,1
3002,nails,1
492,staff,1
2996,display,1
2067,looses,1
2068,whistle,1
2070,crickets,1
2072,blower,1
2053,certainly,1
2073,complications,1
2983,canyon,1
489,jewels,1
2980,detouring,1
2979,fwy,1
2075,reel,1
3003,gilder,1
2052,split,1
3039,pong,1
2046,suing,1
2020,opal,1
2023,pep,1
2025,pepper,1
3027,randy,1
2041,watched,1
3020,dreamy,1
3018,galaxy,1
3006,shocking,1
3017,lowly,1
3016,thee,1
3014,fights,1
2049,averted,1
3009,catching,1
3007,brave,1
2819,workers,1
2221,hurt,1
168,flag,1
2660,heroin,1
2620,stepped,1
2619,barn,1
329,laden,1
2442,restaurant,1
2444,restaurants,1
2446,housed,1
2447,extinguished,1
2603,faith,1
2449,trace,1
2600,ferries,1
2599,standards,1
2598,kilt,1
2596,upgrading,1
2594,resulting,1
2593,strength,1
2621,tigers,1
2414,quality,1
2413,partner,1
2393,contact,1
2658,appointment,1
2384,argent,1
2656,tooth,1
2654,laid,1
404,egg,1
2389,fragile,1
2643,protection,1
2412,partnerships,1
2398,attained,1
2641,lank,1
2401,illustration,1
2636,fault,1
2405,highest,1
2633,pressing,1
2591,nod,1
2590,coop,1
2589,scoop,1
2491,happily,1
2476,fishing,1
2480,marijuana,1
2483,attitude,1
2486,finding,1
2543,approaching,1
2487,extra,1
2492,awareness,1
2559,thick,1
2505,drool,1
2532,epilepsy,1
2530,mourns,1
2528,superhero,1
2526,brick,1
2520,bicycles,1
2553,unreal,1
364,liability,1
370,context,1
2462,charts,1
2456,peter,1
2460,driven,1
2579,gusts,1
2578,bock,1
2577,boundary,1
2576,weakening,1
2574,swimming,1
2564,earned,1
2466,exceptional,1
2571,passing,1
2569,noise,1
2567,economic,1
2566,mics,1
2565,learned,1
2659,shares,1
2664,summertime,1
2229,sanity,1
2374,writer,1
2766,dryer,1
2765,regard,1
2279,fucked,1
2759,decide,1
2757,tidal,1
2288,anxious,1
2289,helpline,1
2750,reopening,1
2747,census,1
2746,declined,1
2745,reveals,1
2743,genuine,1
2742,headline,1
2739,helm,1
2298,fields,1
2768,placing,1
2769,designed,1
2774,flew,1
2245,climb,1
2810,fallen,1
2234,frequently,1
2807,brush,1
2804,immediately,1
2803,immediate,1
2241,letting,1
2790,camper,1
2775,letters,1
2256,transit,1
2260,bunch,1
2784,managed,1
2783,talon,1
2779,patch,1
2777,telling,1
2303,camping,1
2731,urgent,1
2306,scenes,1
2363,myth,1
2356,surf,1
2684,ruined,1
2359,either,1
2682,builder,1
2360,indie,1
2680,holds,1
2364,resistant,1
2346,imported,1
2676,appreciate,1
2674,appreciated,1
2673,temple,1
2670,buffer,1
2669,buff,1
2373,ghostwriter,1
2355,younger,1
2693,indoors,1
2729,repairs,1
2714,municipal,1
2725,manager,1
2722,apply,1
2721,hiring,1
2318,balance,1
2717,deactivate,1
437,beet,1
2322,rubbing,1
2695,advised,1
2712,undo,1
2323,kine,1
2705,alternative,1
2333,garbage,1
2698,rooms,1
2343,rights,1
1964,seasons,1
3107,shower,1
1962,plants,1
3496,sends,1
3458,natal,1
3457,honor,1
1615,manufactured,1
3454,witnesses,1
3453,bones,1
3452,bone,1
1624,iris,1
1625,spy,1
3449,chains,1
3447,revolution,1
3444,factors,1
3443,jurors,1
183,vista,1
3437,dealing,1
3436,democrat,1
3460,tins,1
3466,leis,1
1576,fuels,1
3485,chewing,1
3492,humble,1
3491,oiled,1
3490,lech,1
3489,gasp,1
3487,physically,1
3486,rubber,1
672,religion,1
3469,silver,1
3479,chis,1
3478,surrender,1
1571,planes,1
3474,bans,1
3473,opposition,1
3472,higher,1
3434,suit,1
3433,surprised,1
3432,surprise,1
3388,cereal,1
3398,terms,1
3395,example,1
3394,spies,1
3393,committed,1
3392,abortion,1
3389,greatest,1
3387,isle,1
3401,pulse,1
3386,behavior,1
3384,rejects,1
3381,forgiven,1
3380,sanctioned,1
1679,digging,1
3378,forgive,1
3399,inevitably,1
3402,impulse,1
1641,listed,1
3420,murders,1
1643,critical,1
3427,prisoner,1
3426,attempt,1
3425,questions,1
3424,minus,1
3422,greeting,1
3418,mentally,1
1660,estimates,1
3417,applies,1
1646,father,1
3414,billy,1
3411,bother,1
3410,heather,1
3409,piano,1
3495,novel,1
3497,behalf,1
3111,increasing,1
1547,explain,1
1466,calorie,1
1467,finds,1
3591,violence,1
1470,practice,1
705,tribune,1
3582,crude,1
3581,spilled,1
3580,estimated,1
689,cares,1
3575,birthday,1
1506,retweets,1
1507,neighbors,1
3569,apple,1
3568,modern,1
1511,executing,1
1461,calories,1
3596,precedent,1
3597,unprecedented,1
3609,ruler,1
1446,party,1
3615,bounty,1
3614,election,1
3613,crack,1
3612,pocket,1
3611,accused,1
3608,abusing,1
3598,negative,1
3607,locks,1
3606,wielding,1
1448,rebel,1
3603,carried,1
1451,evacuating,1
1454,multiple,1
3566,closest,1
3565,hypo,1
1514,raps,1
3515,reserve,1
3530,approval,1
3529,hack,1
3526,mutant,1
3524,beyond,1
3523,brain,1
3516,helps,1
3514,increased,1
3533,glorious,1
3510,governments,1
3505,venture,1
3504,adventure,1
3502,billion,1
3501,profit,1
3499,neon,1
1538,basement,1
3538,grew,1
3561,episode,1
3551,sides,1
3560,hated,1
3559,theory,1
3558,teaching,1
3555,blows,1
3554,print,1
3552,benefits,1
3550,rather,1
1524,overlooking,1
3549,ministers,1
3546,lapping,1
3545,uranium,1
3544,smart,1
3542,argument,1
3541,flush,1
3377,grounds,1
3376,tablet,1
3375,ocker,1
1680,zero,1
3194,unrelenting,1
3193,internal,1
3192,adding,1
3191,tornadoes,1
1902,remove,1
1904,strip,1
3188,finally,1
3186,pref,1
3184,prefer,1
3183,visibility,1
3181,creation,1
3178,jumper,1
3177,jump,1
3176,slips,1
3175,consumption,1
3202,berry,1
3204,description,1
3205,describes,1
3228,infamous,1
3237,forming,1
3236,perform,1
1855,southwest,1
1864,jade,1
3230,casting,1
547,enormous,1
3227,weigh,1
3206,script,1
3226,weighs,1
3225,dock,1
3222,hills,1
3214,sexuality,1
3208,describe,1
3207,piling,1
3171,breath,1
3169,maintain,1
3167,continually,1
1947,riding,1
1934,handle,1
3136,bobcats,1
3135,backyards,1
3134,drives,1
3133,heels,1
3129,surrounding,1
3123,poster,1
3139,customers,1
1953,nuggets,1
3119,affecting,1
1956,nugget,1
3116,ruining,1
1957,football,1
1960,formed,1
3138,custom,1
3140,nights,1
1924,restive,1
3152,torching,1
3159,saturated,1
3158,unstable,1
1927,odds,1
3156,slower,1
227,pastor,1
3153,email,1
3151,closure,1
3141,customer,1
3150,torch,1
3149,deals,1
3146,rouge,1
1933,pressed,1
3144,ripped,1
3143,pots,1
3238,attacking,1
1852,entered,1
3240,quot,1
3312,prediction,1
3322,delta,1
3321,waters,1
1751,paramedic,1
3316,hoped,1
3314,knee,1
3313,surge,1
3311,kings,1
3325,quests,1
3309,shoulder,1
1768,shocked,1
1769,batting,1
3304,wear,1
3303,wearing,1
1773,wire,1
3324,request,1
3326,imagine,1
3299,renew,1
3362,northeast,1
1681,evolve,1
3371,bird,1
3369,birds,1
3366,shout,1
1697,constant,1
2517,dollar,1
1704,pone,1
3327,sweet,1
3359,mineral,1
3350,type,1
3349,assume,1
3347,lamp,1
1713,brigade,1
3343,disasters,1
1776,bowl,1
3297,cosponsor,1
3245,peeps,1
3256,hockey,1
1804,whipped,1
3264,listen,1
3262,particularly,1
1825,pew,1
3259,document,1
1839,jun,1
3255,mgr,1
1802,whip,1
3253,addicts,1
3251,stood,1
1841,swatch,1
198,midlands,1
1844,ferry,1
3246,lunch,1
3268,mock,1
3270,ratings,1
3296,slated,1
1782,athlete,1
1778,parade,1
3294,players,1
1780,seconds,1
3291,persons,1
3290,tout,1
3289,engage,1
1793,gateau,1
3272,defined,1
1797,crying,1
3281,patient,1
1798,wherever,1
3277,simple,1
3275,absolutely,1
3273,laws,1
4209,suffered,1
